SKU,ListID,MPN,SalesPrice,QuantityOnHand
MG-M100L12DC,80000699-1394746522,M100L12DC-AR,112.5,0
LRS-100-24,800010B8-1531775768,LRS-100-24,29.99,0
LPV-100-12,80000D1D-1492104715,LPV-100-12,38.5,1
LPV-100-24,80000DCF-1501188785,LPV-100-24,38.5,0
WE-FML-R10-MCT,80001659-1616862408,FML-R10-MCT,56.75,0
ECTSU-AMA4C5A,8000129A-1554217798,SR-3001,29.99,0
ECTSK-AM3&4C8A,80001727-1633987169,EV4-X,28.5,9
MG-M150L12DC,80000553-1384371546,M150L12DC-AR,119.75,0
MG-M150L24DC,800014D5-1588278394,M150L24DC-AR,119.75,0
ECNA-PLUG2-SC,800014EC-1590444327,LEV-101-EP,3,28
ECB-18-2-STR-WH,80000D80-1496157923,RT-8003501,0.2,1566
ECB-18-4-STR-WH,800009FE-1443466192,RT-8004501,0.4,1214
WE-LPN1X440W50KD,80001477-1576865170,LPNG-1X4-4KLM-50K-D,64.99,0
MG-M200L12DC,8000069A-1394746608,M200L12DC,132.5,0
LRS-200-12,80001063-1526071090,LRS-200-12,52.99,0
LRS-200-24,80001066-1526071311,LRS-200-24,52.99,2
MG-M200L24DC,80000555-1384371753,M200L24DC,132.5,0
XLG-200-24-A,80001A36-1721322830,XLG-200-24-A,96.25,5
ECLDL-2R3WS60K,80000A46-1447264729,AOE-CL102-3W,13.5,2
ECLDL-2R3WS30K,80000A45-1447264603,AOE-CL102-3W,13.5,-2
ECLDL-2R3WW60K,80000A48-1447264823,AOE-CL102-3W,13.5,0
ECLDL-2R3WW30K,80000A47-1447264782,AOE-CL102-3W,13.5,1
ECB-22-2-STR-WH,800002C7-1363730112,RT-8005501,0.14,562
ECB-22-4-STR-WH,8000063A-1392418289,RT-8002501,0.18,1046
ECLDL-2S3WS60K,80000A41-1447262898,AOE-CL-100-3W,5.99,74
ECLDL-2S3WS30K,80000A42-1447263006,AOE-CL-100-3W,5.99,7
WE-LPN2X240W50KD,8000147C-1577801678,LPNG-2X2-4KLM-50K-D,46.75,11
SAT-65-571,8000179B-1647973758,65-571,98.25,0
WE-LPNG-SRFC-2X2,800014B7-1582916988,LPNG-SRFC-2X2,58.5,10
WE-LPN2X450W50KD,80001560-1595973274,LPNG-2X4-5KLM-50K-D,82.75,0
WE-LPN2X460W50KD,80001467-1576095824,LPNG-2X4-6KLM-50K-D,82.75,0
WE-LPNG-SRFC-2X4,800014B5-1582735680,LPNG-SRFC-2X4,58.5,3
MG-M300L12DC,80000556-1384371825,M300L12DC,215.99,1
MG-M300L24DC,80001155-1540417446,M300L24DC,215.99,0
XLG-320-V-A,80001A87-1724098750,XLG-320-V-A,96.25,3
ECLDL-3R7WS60K,80000754-1401486879,AOE-CL126-7W,18.75,51
ECLDL-3R7WS30K,800008C8-1417708415,AOE-CL126-7W,18.75,26
ECLDL-3R7WW60K,80000958-1428417646,AOE-CL126-7W-White,19.75,-5
ECLDL-3R7WW30K,80000959-1428417701,AOE-CL126-7W-White,19.75,1
ECNA-DC-2PW-B,80000FC6-1519341983,2PIN-MtoF-1m-BL,4.99,159
ECNA-DC-2PW-W,80000CAC-1485366790,2PIN-MtoF-1m-WH,3.99,76
ECNA-DC-4PW-B,800010BE-1532096736,4PIN-MtoF-1m-BL,5.25,245
ECNA-DC-5PW-B,800010BF-1532096869,5PIN-MtoF-1m-BL,5.5,304
LUX-LR41002,800017C5-1652128854,LR41002,12.99,0
LRS-350-24,80001067-1526071341,LRS-350-24,64.5,1
LRS-350-12,80001064-1526071237,LRS-350-12,64.5,0
ECLDLE-34R8WS3CT,80001440-1573253460,GL34-BN,19.5,35
ECLDLE-34R8WW3CT,8000143F-1573253354,GL34-WH,18.75,-1
MG-E40L12DC,8000098F-1434144103,E40L12DC-KO,88.99,0
MG-E40R12DC,80001485-1578079881,E40R12DC,80.99,0
ECLCP-5R10WRW,800013C1-1566944635,EX-CL-R140RGBW-24V-10W,23.25,91
ASP-19002A,80000CF1-1489434948,19002A,14,26
BL-R4-G19AT,80000A8A-1449785475,R4-G19AT,19.99,0
BL-R4-GUICAT,8000153F-1595265760,R4-GUICAT,23.5,4
ASP-19001AR,80000CB4-1486145103,19001AR,14,4
BL-R4-G19RAT,80000ABB-1452882435,R4-G19RAT,15,0
BL-R4-G19SRAT,80001145-1539703081,R4-G19SRAT,18,0
ETB-AHB4FC-5K,80000DEF-1502481054,4FT-T8-18WC-50K-FC,11.99,3
ETB-AHB4CC-5K,80000DF0-1502481128,LS-SMDT8-16WABC50K,11.99,0
ESLF-A4F40W-3CT,800018A4-1675370255,ST-4FT40W-120V-35/40/50K,59.99,0
ECLCPE-A4R9W5CT,80001711-1633730109,DL-4-9RN,19.99,0
ECLCPE-A4S9W5CT,80001712-1633730121, DL-4-9ERN,18.99,-8
WE-RDPF4-MCT5,800016A0-1623685036,RDPF4-MCT5,10.99,0
WE-RDPS4-MCT5,800016A2-1623685165,RDPS4-MCT5,10.99,12
WE-RSL4-RI,80000EDE-1510262658,RSL4-RI,8.99,114
ECLCPE-A4R9WRCCT,80001715-1633731423,DL-4-10RJC,34.25,1
ECLCPE-A4S9WRCCT,80001842-1660668864, DL-6-10EJC,36.25,182
WE-SDL4-BF-MCT5,8000172E-1634848052,SDL4-BF-MCT5,17.99,-7
ECLCG-B6R12W60K,80001605-1605551449,MJ-160FBLMBD-DC,29.5,2
ECLCG-B6S12W60K,80001604-1605551428,MJ-160FBLMBD-DC,29.5,5
ECLCG-5R12W3CT,80001602-1605551021,AOE-T0021-12W-R,24.99,3
ECLCG-5S12W3CT,80001603-1605551049,AOE-T0021-12W-S,24.99,0
MG-E60L12DC,80000990-1434144163,E60L12DC-KO,92.5,0
MG-E60R12DC,80000EBA-1509038647,E60R12DC,83.5,0
MG-E60L24DC,8000147E-1578073205,E60L24DC,107.99,0
EPS-MDA-60-24,80001A01-1716325600,LMKV-60-24,60,4
LPV-60-12,80000A8E-1450296521,LPV-60-12,25.25,1
LPV-60-24,800014F3-1591126249,LPV-60-24,25.25,3
ESPS1L4N96W1040,80001869-1664913126,FP05W-P0G128QG94024VT120SW10L20,125.25,0
ESPS1L4N96W1030,8000170F-1633725596,FP05W-P0G128QG93024VT120SW10L20,125.25,0
ESPS1L4N96W1060,80001710-1633725616,FP05W-P0G128QG96024VT120SW10L20,125.25,10
ASP-17002A,80000DC5-1500054497,17002A,14,0
ASP-17003AR,80000DC4-1500052898,17003AR,14,9
ECLDL-6R18WS60K,80000B54-1460565458,AOE-CL-130-18W,34.99,52
ECLDL-6R18WW60K,80000BA9-1466790531,AOE-CL-130-18W-WHITE,35.5,29
ECLCPE-A6R12W5CT,80001713-1633730130, DL-6-12RN,25.5,0
ECLCPE-6S12W3CT,80001103-1537303792,LP6SQ12W3CCT-WH,25.5,-2
ECLCPE-A6S12W5CT,80001714-1633730154,DL-6-12ERN,25.5,2
LUX-LR23847,800017BA-1651512114,LR23847,15,6
WE-RDPS6-MCT5,800016A3-1623685868,RDPS6-MCT5,12.99,-3
OC-PL-TS-HPL-6,80001461-1575931371,TS-HPL-6,80,0
WE-RSL6-RI,80000EDF-1510262678,RSL6-RI,9.99,2
WE-RDPF6-MCT5,800016A1-1623685101,RDPF6-MCT5,12.99,0
WE-SDL6-BF-MCT5,8000172F-1634848077,SDL6-BF-MCT5,19.99,13
ECLCG-7R18W3CT,800016CB-1627054598,AOE-T0021-18W-CCT-R,35.25,2
ECLCG-7S18W3CT,800016CC-1627054626,AOE-T0021-18W-CCT-S,35.25,3
ECLCP-8S18W60K,800013A9-1566502063,AOE-DL373-18W,37.99,41
EAP-AS1-8B,80001AC1-1727203487,QSG-Q-01-Black,30.99,54
EAP-AS1-8S,800019EA-1715274093,QSG-Q-01-Silver,30.99,253
EAP-AS1-8W,80001AC0-1727203462,QSG-Q-01-White,30.99,5
EAP-SM2-8S,800010BB-1532037775,QSG-1715B-Silver,35.99,0
EAP-RM2-8S,800010BD-1532037871,QSG-2515B-Silver,34.75,0
EAP-RT1-8S,8000142A-1570642192,QSG-7016,80.99,0
EAP-BBT1-8S,800018DB-1684793085,QSG-7214,89.99,29
EAP-AR1-8S,800019EE-1715274216,QSG-Q-02-Silver,32.99,112
EAP-AR1-8W,80001AC2-1727203511,QSG-Q-02-W,32.99,0
EAP-RM1-FC-8FT-W,80001202-1550079019,QSG-2507D-White,35.99,0
EAP-SM5-8S,800016D5-1629929347,QSG-0809-Silver,22.25,17
EAP-RM5-8S,800016D6-1629929389,QSG-0814-Silver,35.08,36
EAP-CP1-8S,800010BC-1532037811,QSG-1616-Silver,21.99,26
ETB-A2S8CC-5K,80000C62-1479424566,8FT-T8-36W-50K-CC,37.99,6
ETB-A2S8FC-5K,80000C19-1476466848,8FT-T8-36W-50K-FC,37.99,0
WE-RSL8-MCT5,800016CE-1628370470,RSL8-MCT5,34.99,12
OC-PL-TS-HPL-8,80001462-1575931504,TS-HPL-8,86.4,0
EPS-MDA-96-24,80001A02-1716325637,LMKV-96-24,60,0
MG-E96R24DC,80000EA4-1508429265,E96R24DC,92.5,1
LUX-LR23595,80001642-1614005787,LR23595,46.73,20
OC-PL-TS-HPL-9,80001463-1575931592,TS-HPL-9,89.6,0
LEG-ADPD4FBL3P2G4,80001344-1561643590,ADPD4FBL3P2G4,108.67,0
LEG-ADTP4FBL3PG4,8000134D-1561644989,ADTP4FBL3PG4,139.78,0
LEG-ADTP4FBL3PM4,80000EC8-1509736297,ADTP4FBL3PM4,139.78,0
LEG-ADTP4FBL3PW4,80001157-1540584386,ADTP4FBL3PW4,112.43,2
LEG-ARPTR151GM2,80000461-1380828622,ARPTR151GM2,76.15,4
LEG-ARPTR151GW2,80000457-1380232289,ARPTR151GW2,63.59,-1
LEG-ARPTR151GG2,80001353-1561648347,ARPTR151GG2,76.15,0
LEG-ARTR152G4,80001356-1561649653,ARTR152G4,7.23,0
LEG-ARTR152W4,80000951-1427407493,ARTR152W4,6.19,43
LEG-ARTR152M4,8000043D-1380129546,ARTR152M4,7.23,2
LEG-ARTR153M4,800018CE-1681333819,ARTR153M4,8.85,0
LEG-ARTR153W4,80000C15-1475531635,ARTR153W4,7.49,8
LEG-ARTR153G4,80001358-1561649867,ARTR153G4,8.85,1
LEG-ASPD1532M4,8000044E-1380229594,ASPD1532M4,9.42,23
LEG-ASPD1532W4,80000449-1380228410,ASPD1532W4,7.89,51
LEG-ASPD1532G4,8000133E-1561642681,ASPD1532G4,9.42,-3
LEG-AGFTR2152G4,80001359-1561650224,AGFTR2152G4,55.81,1
LEG-AGFTR2152W4,80000862-1412891845,AGFTR2152W4,45.98,13
LEG-AGFTR2152M4,80000B62-1461007872,AGFTR2152M4,55.81,0
LEG-AGFTR2153G4,8000135B-1561650617,AGFTR2153G4,45.38,0
LEG-AGFTR2153W4,80000C14-1475531523,AGFTR2153W4,52.83,0
LEG-ARPTR152GW2,80000AD4-1454534756,ARPTR152GW2,65.47,-1
LEG-ARPTR152GG2,80001354-1561649477,ARPTR152GG2,78.32,0
LEG-ARPTR152GM2,8000169D-1622669381,ARPTR152GM2,75.79,0
LEG-AC1PFM1,800008BF-1417463889,AC1PFM1,3.74,2
LEG-AC1PFG1,80001A14-1717446708,AC1PFG1,3.74,0
LEG-AC1PFW1,80000A7B-1448924815,AC1PFW1,3.35,1
LEG-ASPD2042M4,80000A1E-1445874670,ASPD2042M4,35.48,6
LEG-ASPD2042G4,80001340-1561642962,ASPD2042G4,35.48,0
LEG-ASPD2042W4,80000955-1427830709,ASPD2042W4,30.17,5
LEG-ARTR202W4,80000997-1435946475,ARTR202W4,13.5,28
LEG-ARTR202G4,80001357-1561649748,ARTR202G4,15.77,0
LEG-ARTR202M4,800009A2-1438031971,ARTR202M4,15.77,0
LEG-AGFTR2202M4,80000950-1427391099,AGFTR2202M4,61.91,0
LEG-AGFTR2202W4,80000986-1432927585,AGFTR2202W4,54,6
LEG-AGFTR2202G4,8000135A-1561650310,AGFTR2202G4,61.91,-1
LEG-AC2PFM1,80000C0F-1473453321,AC2PFM1,3.74,4
LEG-AC2PFW1,800008FC-1421272183,AC2PFW1,3.35,9
LEG-ADPD453LW2,80000956-1427831022,ADPD453LW2,51.05,10
LEG-ADPD453LM2,800006D1-1397592832,ADPD453LM2,60.37,2
LEG-ADPD453LG2,80001345-1561643693,ADPD453LG2,62.38,0
LEG-AC4PFM1,80000F70-1516637310,AC4PFM1,3.69,0
LEG-AC4PFW1,80000F71-1516637330,AC4PFW1,3.27,2
LEG-ADTP703TUG4,8000134C-1561644830,ADTP703TUG4,98.17,0
LEG-ADTP703TUM4,8000044B-1380228950,ADTP703TUM4,98.17,2
LEG-ADTP703TUW4,8000043B-1380129019,ADTP703TUW4,85.36,3
LEG-AABK1M4,80000A65-1448054576,AABK1M4,4.51,10
LEG-AABK1W4,80000B7A-1462477993,AABK1W4,3.85,2
LEG-AABK1G4,80001363-1561659405,AABK1G4,4.51,0
LEG-ACBLKM4,80000900-1421273622,ACBLKM4,3.55,0
LEG-ACBLKW4,800013AE-1566830444,ACBLKW4,3.18,8
LEG-AC6RJ45M1,800008BD-1417463686,AC6RJ45M1,17.09,13
LEG-AC6RJ45G1,80001A11-1717444842,AC6RJ45G1,17.09,0
LEG-AC6RJ45W1,80001086-1529960159,AC6RJ45W1,14.98,0
LEG-ARTRUSB153W4,80000D47-1493762511,ARTRUSB153W4,55.38,0
LEG-ARTRUSB153G4,80001361-1561659190,ARTRUSB153G4,64.88,0
LEG-ARTRUSB153M4,80000D48-1493762610,ARTRUSB153M4,64.88,0
LEG-AWP5GWHW1,800019B0-1705599355,AWP5GWHW1,45.97,0
LEG-AWP5GMG1,80000D0C-1490742226,AWP5GMG1,45.97,0
LEG-AWP5GGR1,80001454-1575058266,AWP5GGR1,45.97,0
LEG-AWP5GTM1,800009A3-1438032701,AWP5GTM1,43.5,0
LEG-AWP5GWH1,80000A03-1444407004,AWP5GWH1,29.37,3
LEG-AWM4GMW4,80000F16-1512068628,AWM4GMW4,134.94,0
LEG-AWM4GMS4,800009A6-1438122206,AWM4GMS4,155.59,0
LEG-AWP4GGR4,80000F92-1518019752,AWP4GGR4,36.91,0
LEG-AWP4GWHW4,800014C9-1586359687,AWP4GWHW4,26.42,4
LEG-AWP4GWH4,80000902-1421794625,AWP4GWH4,23.3,2
LEG-AWP4GTM4,800008BC-1417456766,AWP4GTM4,33.73,9
LEG-AWP4GBR4,8000094D-1427390624,AWP4GBR4,39.22,0
LEG-AWP4GMG4,80000A99-1450722759,AWP4GMG4,36.91,4
LEG-ACBRSTPW1,80001645-1614194137,ACBRSTPW1,13.58,0
LEG-ACBRSTPM1,80000C0E-1473453028,ACBRSTPM1,15.77,0
LEG-WNAH1G1,8000196E-1698764309,WNAH1G1,179,0
LEG-WNAH1W1,8000184F-1661952449,WNAH1W1,166.9,1
LEG-WNAH1M1,800017B4-1650647123,WNAH1M1,179,0
LEG-AWP1G3WHW4,80000D30-1492794490,AWP1G3WHW4,8.66,7
LEG-AWP1G3TM4,80000C58-1478553806,AWP1G3TM4,12.03,9
LEG-AWP1G3BR4,8000094F-1427390936,AWP1G3BR4,12.41,0
LEG-AWP1G3MG4,80000A97-1450722191,AWP1G3MG4,12.41,6
LEG-AWP1G3WH4,800008E9-1419271522,AWP1G3WH4,7.49,14
LEG-AWP1G3GR4,8000145B-1575498599,AWP1G3GR4,12.41,7
LEG-AWP1G2GR6,80000882-1414099111,AWP1G2GR6,12.41,1
LEG-AWP1G2WH6,80000456-1380232116,AWP1G2WH6,7.49,54
LEG-AWP1G2TM6,80000450-1380230006,AWP1G2TM6,11.34,5
LEG-AWP1G2MG6,80000A96-1450722041,AWP1G2MG6,12.41,6
LEG-AWP1G2BR6,80000947-1427389652,AWP1G2BR6,12.41,0
LEG-AWM1G2MW4,80000E6C-1506374103,AWM1G2MW4,48.02,1
LEG-AWM1G2MS4,80000AD1-1454337276,AWM1G2MS4,53.48,0
LEG-AWP1G2WHW10,80000F34-1513029984,AWP1G2WHW10,8.66,6
LEG-ASPD1531M4,80000808-1408025357,ASPD1531M4,14.24,7
LEG-ASPD1531W4,80000807-1408025263,ASPD1531W4,12.1,6
LEG-ASPD1531G4,80001346-1561643814,ASPD1531G4,14.24,0
LEG-ACRJ25M1,80000B6E-1461351663,ACRJ25M1,7.39,0
LEG-ACRJ25W1,800008FD-1421272343,ACRJ25W1,5.63,0
LEG-AWP6GTM1,80000A80-1449269384,AWP6GTM1,52.81,0
LEG-AWP6GWHW1,80001C02-1768839593,AWP6GWHW1,55.81,0
LEG-AWP6GWH1,80000954-1427826260,AWP6GWH1,36.91,0
LEG-AWP6GMG1,80000D0B-1490727266,AWP6GMG1,55.81,0
LEG-AWP6GGR1,800014AE-1581542200,AWP6GGR1,55.81,0
LEG-WNAL10W1,80001850-1661952546,WNAL10W1,99.93,2
LEG-WNAL10G1,80001916-1689181663,WNAL10G1,109.53,0
LEG-WNAL10M1,800017B3-1650647068,WNAL10M1,109.53,0
LEG-WNAL50W1,80001851-1661952614,WNAL50W1,124.91,6
LEG-WNAL50M1,800017B2-1650647015,WNAL50M1,136.91,3
LEG-WNAL50G1,8000196B-1698762422,WNAL50G1,136.91,0
LEG-WNAL23G1,8000196C-1698763670,WNAL23G1,91.1,0
LEG-WNAL23M1,8000180F-1657315677,WNAL23M1,91.1,2
LEG-WNAL23W1,8000186E-1666024996,WNAL23W1,84.94,0
LEG-WNAL63W1,8000186F-1666025158,WNAL63W1,87.43,3
LEG-WNAL63G1,8000196D-1698763686,WNAL63G1,95.83,0
LEG-WNAL63M1,800017B1-1650646964,WNAL63M1,95.83,0
LEG-ASTP1532W4,80000453-1380230449,ASTP1532W4,61.91,6
LEG-ASTP1532M4,8000044C-1380229281,ASTP1532M4,71.74,9
LEG-ASTP1532G4,8000134B-1561644728,ASTP1532G4,71.74,14
LEG-AWP3GWHW4,80000D31-1492794587,AWP3GWHW4,20.31,0
LEG-AWP3GMG4,80000A98-1450722466,AWP3GMG4,28.6,2
LEG-AWP3GBR4,8000085E-1412718870,AWP3GBR4,30.17,2
LEG-AWP3GWH4,8000045B-1380232728,AWP3GWH4,18,4
LEG-AWM3GMW4,80001339-1560543365,AWM3GMW4,101.45,0
LEG-AWP3GTM4,80000881-1414013941,AWP3GTM4,26.15,4
LEG-AWP3GGR4,80000901-1421274156,AWP3GGR4,28.6,0
LEG-AWM3GMS4,80000AD2-1454337869,AWM3GMS4,115.83,0
LEG-ASTH1532W2,8000043A-1380128478,ASTH1532W2,81.47,0
LEG-ASTH1532M2,80000441-1380130209,ASTH1532M2,93.51,0
LEG-ASTH1532G2,80001350-1561645722,ASTH1532G2,93.51,0
LEG-ADTH703TUM4,80001500-1592432031,ADTH703TUM4,132.64,1
LEG-ADTH703TUG4,80001351-1561645923,ADTH703TUG4,132.64,0
LEG-ADTH703TUW4,80000ED2-1509991575,ADTH703TUW4,115.27,0
LEG-AWP2GGR4,8000088F-1414776413,AWP2GGR4,20.31,0
LEG-AWP2GWH4,80000851-1412619365,AWP2GWH4,12.41,7
LEG-AWP2GMG4,80000A95-1450721953,AWP2GMG4,20.31,2
LEG-AWM2GMW4,80000C1A-1476712623,AWM2GMW4,73.15,0
LEG-AWM2GMS4,80000AD0-1454337198,AWM2GMS4,86.44,0
LEG-AWP2GTM4,80000869-1412894273,AWP2GTM4,19.23,4
LEG-AWP2GBR4,80000949-1427389937,AWP2GBR4,20.31,0
LEG-AWP2GWHW10,800014C8-1586359613,AWP2GWHW10,14.24,2
LEG-ARUSBW4,80000992-1434382045,ARUSBW4,32.49,0
LEG-ARUSBG4,80001360-1561659046,ARUSBG4,37.57,0
LEG-ARUSBM4,8000057A-1385577512,ARUSBM4,39.22,1
LEG-ACNRFCM1,800008BE-1417463789,ACNRFCM1,5.63,9
LEG-ACNRFCW1,800008FF-1421272657,ACNRFCW1,4.9,0
LEG-ASWR1532W4,800008D9-1418166181,ASWR1532W4,15.77,2
LEG-ASWR1532G4,80001349-1561644498,ASWR1532G4,18,0
LEG-ASWR1532M4,80000943-1427387412,ASWR1532M4,18,3
ECNA-LENU-2TO2,80001943-1691435700,LENU-2to2,2.5,60
ECNA-LENU-2TO4,80001745-1637341508,LENU-2to4,1.99,13
ECTL-CT2C5A,8000175A-1640021908,M5+M4-5A,57.36,0
SUP-C2R4N70W10CT,800019E0-1714592980,LS-COB-24-CCT,53.99,7
ESPC2R4N80W10CT,80001989-1702573568,FE16CP0G1COB9276524V840SW10RL05,99.99,0
ESP5V4-C20-06CT,80000DB2-1498773695,LD-FLW-R5050CCT-24-60S,40.75,0
ESP5V4-C65-06CT,800015CE-1601074421,LD-FLW-R5050XX-24-60S,40.75,0
WE-ELB-2048-EXTR,80001470-1576618039,ELB-2048-EXTR,191.5,0
ENO-JD2-288W24V,80001B06-1733498874,MX2-288W-24VDC,227,0
ENO-JD2-192W24V,80001B05-1733498839,MX2-192W-24VDC,178,0
EPS-JBND-150W12V,800017FC-1656364013,KV-12150-ASWJN,160,0
EPS-JBND-150W24V,800017FF-1656365140,KV-24150-ASWJN,160,0
EPS-JBND-300W12V,80001805-1656444168,KV-12300-ASWJN,227,0
EPS-JDA2-384-24,80001A00-1716325524,LMFV-384-24J005,227,4
EPS-JNA-200-24,800019FA-1716325033,LMFV-200-24J000,160,21
EPS-JNA-300-24,800019FB-1716325264,LMFV-300-24J000,160,14
EPS-JBD-200W12V,800017FD-1656364043,KVF-12200-TDWJN,178,0
EPS-JBD5-300W12V,800017FE-1656364234,KVG-12300-DWJ,227,0
EPS-JDA2-192-24,800019FE-1716325437,LMFV-192-24JC005,178,2
EPS-JDA2-288-24,800019FF-1716325481,LMFV-288-24J005,227,8
EPS-JBD-60W12V,800017FA-1656363939,KVF-12060-TDWJN,85,0
EPS-JBD-60W24V,80001801-1656365203,KVF-24060-TDWJN,85,0
EPS-JBD-96W24V,80001802-1656365381,KVF-24096-TDWJN,130,0
WE-FLD2-15W50KKN,80001769-1643130102,FLD2-15W-50K-D-KN,79.99,0
WE-FLD2-15W30KKN,80001768-1643130090,FLD2-15W-30K-D-KN,79.99,1
WE-FLD2-15CW-KN,80001075-1527619290,FLD2-15CW-KN,55.75,0
WE-FLD2-15WW-KN,80001076-1527619314,FLD2-15WW-KN,55.75,0
WE-FLD2-28-WW-KN,80001074-1527618674,FLD2-28-WW-KN,81,0
WE-FLD2-28-CW-KN,80001073-1527618632,FLD2-28-CW-KN,118.25,0
WE-FLS-10W30K-BR,80000F1C-1512168038,FLS-10W-30K-BR,28.25,13
WE-FLS-10W50K-BR,80000F6E-1516392315,FLS-10W-50K-BR,28.25,0
WE-FLV12-12W-30K,80000D62-1495223652,FLV12-12W-30K,5.95,10
WE-FLV12-12W-50K,80000D63-1495224092,FLV12-12W-50K,53.99,0
WE-LF4-12V12W30K,8000161E-1611083195,LF4-12V-12W-30K,80,0
WE-LF4-12V12W50K,8000161F-1611083221,LF4-12V-12W-50K,80,39
SUN-88390,80000CC9-1487612635,88390-SU,4.99,3
SUN-80693,8000162C-1611872880,80693-SU,4.99,0
SUN-80594,80001479-1577719946,80594-SU,4.99,2
SUN-80803,80000CCD-1487613181,80803-SU,9.99,2
SUN-80599,80001679-1619645139,80599-SU,9.99,0
SUN-80725,80000CCE-1487613206,80725-SU,7.5,12
SUN-81120,8000175E-1641509864,81120-SU,11.99,0
SUN-81119,80001431-1571259959,81119-SU,11.99,2
EBU-G9D3.5W30K,80000C02-1472761680,NL-11G9W4/51D,7.5,-3
EBU-G9D3.5W60K,80000C03-1472761720,NL-11G9W4/51D,7.5,4
EBU-CLFT3.5W60K,80000B56-1460565757,CLFCA1035,6.5,7
EBU-CLFT3.5W30K,80000B55-1460565702,CLFCA1035,6.5,3
EBU-CLTO3.5W30K,80000D07-1490304432,CLFB1135,6.5,4
EBU-CLTO3.5W60K,80000D08-1490304617,CLFB1135,6.5,0
EBU-G4ND1.5W30K,80000B58-1460567287,G4-1.5W-24S,6.25,-20
EBU-G4ND1.5W60K,80000A54-1447282248,NL-12G4W20/12D,6.25,52
EMSH4V160D15W60,80001A7E-1723479303,FE15W-P0-G128X830 24V105503235,59.99,140
EMSH4V160D15W30,80001A7D-1723479283,FE15W-P0-G128X830 24V105503235,59.99,13
SUN-80532,80001523-1594128120,80532-SU,9.75,0
SUN-80533,8000155F-1595953316,80533-SU,9.75,0
SUN-80531,80001618-1610636237,80531-SU,9.75,0
SUN-89204,80001619-1610636279,89204,5.25,0
SUN-89206,80001607-1606857982,89206,5.25,0
SUN-80895,800011C1-1547478694,80895-SU,8.5,18
SUN-80897,800011BF-1547478116,80897-SU,8.5,0
SUN-80896,800011C0-1547478651,80896-SU,8.5,0
SUN-88398,8000138E-1565112797,88398-SU,10.5,0
SUN-88395,800011C2-1547478945,88395-SU,10.5,0
SUN-88396,800011C4-1547479116,88396-SU,10.5,0
SUN-88397,800011C3-1547478987,88397-SU,10.5,0
ESB-C100WSF50K,800015F3-1604079685,SBC8-100W-120V-50K,200,0
ESB-C150WSF50K,8000132F-1558648418,SBC8-150W-120V-50K-AM,214.5,0
ESB-C150WSF50K-W,800014DA-1588954390,SBC8-150W-120V-50K-W,214.5,0
ESB-C300WSF50K,80001330-1558648475,SBC8-300W-120V-50K-AM,325.5,0
ESB-C300WSF50K-W,800014E9-1590441941,SBC8-300W-120V-50K-W,325.5,0
ESPS9R4N50W0430,80001956-1692755340,FH10W-P0-G122X93024V240SW04L05,31.25,38
ESPS9R4N50W0460,80001957-1692755371,FH10W-P0-G122X96024V240SW04L05,31.25,11
ESPS9R4N50W0440,80001958-1692756451,FH10W-P0-G122X94024V240SW04L05,31.25,8
EWP-A100W50K,80000E7C-1507298337,WP-100W-120V-50K-SP,143.25,0
EWP-A120W50K,800010FA-1536165752,WP-120W-120V-50K-SP,196.75,0
EWP-A150W50K,8000153D-1594993902,WP-150W-120V-50K-U,178.5,0
EWP-A41W50K,80000ED3-1510156561,WP-41W-120V-50K-SP,106.75,0
EWP-A60W50K,80000BA4-1466625850,WP-60W-120V-50K-SP,113.25,1
EWP-A80W50K,80000E7B-1507298171,WP-80W-120V-50K-SP,123.25,0
EHPB-LAW36D10-5K,80001160-1541518866,CR-100W-120V-50K,103.25,0
EHPB-LAW36D12-5K,80001161-1541518932,CR-120W-120V-50K,113.25,0
EHPB-LAW36D15-5K,800018BD-1678990777,CR-150W-120V-50K,113.25,0
ECNA-LENU-2TO10,800018DC-1684902726,LENU-2to10,7.99,45
ECNA-LENU-2TO6,80001746-1637341537,LENU-2to6,1.99,12
WE-LF12-6W30K-KN,800014F2-1591113811,LF12-6W-30K-KN,83.22,0
WE-LF12-6W50K-KN,800014F1-1591113787,LF12-6W-50K-KN,22.99,37
WE-LFXMD50W3K-KN,8000165D-1617306299,LFX-MD-15-50W-30K-KN,98,0
WE-LFXMD50W5K-KN,8000164C-1614784301,LFX-MD-15-50W-50K-KN,98,8
WE-LFXXS15W5K-KN,8000164B-1614615941,LFX-XS-15W-50K-KN,42.99,4
WE-LFXXS15W3K-KN,80001650-1614895853,LFX-XS-15W-30K-KN,42.99,1
WE-LFXMD50W5K-TR,8000165E-1617307382,LFX-MD-15-50W-50K-TR,98,-1
EAP-RM1-EC-S,80001446-1573513440,HL-BAPL001-EC,1.99,23
EAP-RM2-EC-S,80001447-1573513482,HL-BAPL003-EC,1.99,0
EAP-SM1-EC-S,80001448-1573513632,HL-BAPL002-EC,1.99,41
EAP-SM2-EC-S,80001449-1573513701,HL-BAPL004-EC,1.99,0
ECNA-DC-2P-W,80000FC5-1519340067,DC-Pair,4.5,-2
ECTL-DM24C3AXGE,80000B57-1460565951,LT-880,199.5,1
ECTL-DM3C6A-BT,80000DBA-1499294493,LT-851-6A,37.5,0
ECTL-DM3C6A-RJ,80001083-1528811196,LT-853-6A,37.5,0
ECTSK-RFRC3C4A,80001723-1633986274,V3,28.5,6
ECTL-DM4C5A-BT,80001000-1520618547,LT-854-5A,45.5,2
ECTL-DM4C5A-RJ,80000DB9-1499294239,LT-858-5A,45.5,4
ECTSK-RM1C4ZB,800018C9-1680877799,RT6,40.52,4
ECTSK-RM1C1ZW,800018C8-1680877768,R11-W,40.52,14
ECTSK-RM1C1ZB,800018C7-1680877751,R11-B,40.52,8
ECTSK-RFRC4C5A,80001724-1633986474,V4,28.5,12
ECTSK-RFRC1C15A,80001725-1633986789,V1-L,28.5,15
ECTSK-ST32C1A,8000185D-1663689029,ES32,185.99,2
ECTSK-TWRC5C6A,8000175B-1640129212,WT-L(WT),28.5,21
ECTSK-TWRC2C5A,80001A54-1723150554,WT1,28.5,7
ECTSK-TWRC5C3A,80001728-1633987562,WT5,28.5,15
EMO-LI3B25W-70K,80001647-1614267400,MAT13F-7000K,19.99,8.5
EMO-LI3B20W-RGBW,80001648-1614268858,MH743W-RGBW,19.99,20
ECTSU-RC4C5A,80000D41-1493395320,SR-1009FA,65.99,7
ECTSU-RC1C8A,80000D40-1493395266,SR-1009CS,31.75,0
ECTSU-WM3C2,80000D43-1493407639,SR-2830RGB(US),68.99,1
ECTSU-WM4C1,800014C2-1585866013,SR-2820US3,72.99,0
ECTSU-WM1C,80000D3E-1493394913,SR-2836(US),34.24,0
ECTSU-WI-RF,80000D42-1493395580,SR-2818WiN,85.25,0
WE-SCL-GSY10,80001336-1559768610,SCL-GSY10,22.9,0
ECNA-BT-2PO-2R,8000179C-1648057857,BT-2PO-2R,3.99,5
ECNA-BT-5PO-2R,80001628-1611595757,BT-5PO-2R,3.99,0
ECNA-BT-4PO-2R,800015A8-1599173929,BT-4PO-2R,3.99,6
EHB-EUG1015W50K,800018A5-1675372554,8EHB-100/150W-120V-50K,136,0
EHB-CUF100W50K,80000ED5-1510157921,5EHB-100W-120V-50K,210.99,0
EHB-CUF150W50K,800010F5-1536164567,5EHB-150W-120V-50KPK,214.5,0
EHB-CUF150W50K-W,800014DC-1588954860,5EHB-150W-120V-50K-W,214.5,0
EHB-EUG2024W50K,800018A6-1675372595,8EHB-200/240W-120V-50K,216,0
EHB-CUF200W50K,800010F6-1536164633,5EHB-200W-120V-50K,259.99,0
EHB-CUF200W50K-W,800014EA-1590442620,5EHB-200W-120V-50K-W,259.99,0
EHB-CUF240W50K,8000115D-1541452825,5EHB-240W-120V-50K,219.99,0
EHB-CUF240W50K-W,800015EF-1604078461,5EHB-240W-120V-50K-W,259.99,0
EHB-EUG-OS,800018A7-1675372738,8EHB-LHBV4-Sensor,56,8
SUP-C2R4N50W0860,800019D8-1713551779,LS-COB-480-24-6000,31.25,1
SUP-2R4N95W1040,80001A21-1718999125,LS-240-24-LL-4000,79,7
SUP-2R4N95W1030,80001ADB-1729258661,LS-240-24-LL-3000,79,0
ESPCA3R4N70W10RG,80001AF6-1731595055,FE14C-P0-G1-COBRGB24V840S10L05,49.99,0
ESPC3R4N90W12RW,800019E2-1715031508,FE18C-P0-G1COBRGBW24V840SW12L05,89.99,0
ESPFC4R4N50W0830,800019C6-1710259619,FE10W-P0-G1COB93024V528S1W08L05,42,22
ESPFC4R4N50W0840,800019C7-1710259634,FE10W-P0-G1COB94024V528S1W08L05,42,47
ESPFC4R4N50W0860,800019C9-1710259709,FE10W-P0-G1COB96024V528S1W08L05,42,18
ESP2V2-S20-0630K,80000E08-1503353089,LD-FLW-RS2835W-12-60S,34.5,0
ESP2V2-S20-0660K,80000E07-1503352755,LD-FLW-RS2835W-12-60S,34.5,0
ESPS3R2N36W10RG,80001924-1689787407,LD-FLW-R5050RGB-12-30S,15.99,0
ESPS3R2W36W10RG,80001929-1689791630,LD-FLW-S5050RGB-12-30S,15.99,0
ESPS4R2N60W10RG,80001925-1689787426,LD-FLW-R5050RGB-12-60S,19.99,1
ESPS4R2W60W10RG,8000192A-1689791640,LD-FLW-S5050RGB-12-60S,39.99,0
ESPS5R4N90W12RG,80001928-1689791592,LD-FLW-R5050RGB-24-120S,39.99,12
ESPS5R4W90W12RG,8000192C-1689791678,LD-FLW-S5050RGB-24-120S,75.99,0
ECTL-DMCT1,80000DB8-1499293779,LT512,216.5,0
